query_id,doc_id,figure_id,figure_type,query_type,issue_types,issue_details,query,visual_anchor,text_evidence,image_path
l1_1104.3913_1104.3913_fig_1_0,1104.3913,1104.3913_fig_1,diagram,comparison_explanation,ungrounded_why,,Why does the first constraint require x to have S(x)-T(x) outgoing flow units from the regions shown?,"S₀, S₁ labels on left shape and T₀, T₁ labels on right shape separated by dashed line",The first constraint requires that x has at least S(x) - T(x) outgoing units of flow in f.,data/mineru_output/1104.3913/1104.3913/hybrid_auto/images/1104.3913_page0_fig0.jpg
l1_1306.5204_1306.5204_fig_1_4,1306.5204,1306.5204_fig_1,plot,comparison_explanation,no_visual_anchor,,Does the presence of 'revolution' alongside city names like 'damascus' and 'homs' reflect the topic modeling applications researchers pursue with Twitter's Streaming API?,"Word 'revolution' appearing near 'damascus', 'homs', and 'aleppo'",Twitter's Streaming API has been used throughout the domain of social media and network analysis to generate understanding of how users behave on these platforms. It has been used to collect data for topic modeling (Hong and Davison 2010; Pozdnoukhov and Kaiser 2011),data/mineru_output/1306.5204/1306.5204/hybrid_auto/images/1306.5204_page0_fig0.jpg
l1_1306.5204_1306.5204_fig_1_5,1306.5204,1306.5204_fig_1,plot,value_context,no_visual_anchor,,How does the mix of Arabic and English terms like 'bashar' and 'arab' illustrate the Streaming API's preset parameter matching?,"Mixed Arabic script and English terms including 'bashar', 'arab', and Arabic characters",It provides a glance into its millions of users and billions of tweets through a 'Streaming API' which provides a sample of all tweets matching some parameters preset by the API user.,data/mineru_output/1306.5204/1306.5204/hybrid_auto/images/1306.5204_page0_fig0.jpg
l1_1403.7400_1403.7400_fig_1_26,1403.7400,1403.7400_fig_1,plot,anomaly_cause,no_visual_anchor,,How does the flat baseline below 1M after June 9 obscure understanding of sub-population characteristics?,Flat baseline consistently below 1M from June 9 onwards,We rarely know the characteristics of the sub-population that sees the content even thoug,data/mineru_output/1403.7400/1403.7400/hybrid_auto/images/1403.7400_page0_fig0.jpg
l1_1403.7400_1403.7400_fig_3_27,1403.7400,1403.7400_fig_3,example,visual_definition,ungrounded_why,,Why do the two Turkish tweets shown side-by-side lack @ mentions despite making engagement algorithmically invisible?,Absence of @ mentions in both the left tweet by zekeriya öz and right tweet by Şemil Tayyar,Subtweeting is the practice of making a tweet referring to a person algorithmically invisible to that person—and conseque,data/mineru_output/1403.7400/1403.7400/hybrid_auto/images/1403.7400_page0_fig2.jpg
l1_1403.7400_1403.7400_fig_3_28,1403.7400,1403.7400_fig_3,example,comparison_explanation,no_visual_anchor,,Do the Turkish exchanges between zekeriya öz and Şemil Tayyar demonstrate how big data analyses can miss engagement modes?,The two Twitter posts without direct mentions but responding to each other,"Social media users engage in practices that alter their visibility to machine algorithms, including subtweeting, discussing a person's tweets via ""screen captures,"" and hatelinking. All these practices can blind big data analyses to this mode of activity and engagement.",data/mineru_output/1403.7400/1403.7400/hybrid_auto/images/1403.7400_page0_fig2.jpg
l1_1403.7400_1403.7400_fig_3_29,1403.7400,1403.7400_fig_3,example,value_context,no_visual_anchor|ungrounded_why,,Why would the subtweet exchange shown require intimate familiarity with broader conversation context to understand?,The Turkish text in both tweets that refers to each other without explicit names,"In another exxample drawn  from my primmary research oon TTurkey, figure  3 shows a subbtweet exchangge between twwo pprominent indi viduals that wwould be uninteelligible to anyyoone who did nnot already follow the broadder conversatioon aand was not inntimately familiar with the context.",data/mineru_output/1403.7400/1403.7400/hybrid_auto/images/1403.7400_page0_fig2.jpg
l1_1403.7400_1403.7400_fig_4_30,1403.7400,1403.7400_fig_4,example,comparison_explanation,no_visual_anchor|ungrounded_why,,Why does the columnist use three embedded screenshots instead of direct quotes to respond to critics?,Three embedded tweet screenshots in the middle section of the Twitter post,"A ""caps"" is done when Twitter users reference each other's tweets through screen captures rather than links, mentions or quotes",data/mineru_output/1403.7400/1403.7400/hybrid_auto/images/1403.7400_page0_fig3.jpg
l1_1403.7400_1403.7400_fig_4_31,1403.7400,1403.7400_fig_4,example,value_context,no_visual_anchor,,How widespread is the practice shown in these embedded screenshots based on one hour of sampling?,The three screenshot captures embedded within the main tweet dated 27 Dec 2013,"This practice is so widespread that a single hour following the same purposive sample resulted in more than 300 instances in which users employed such ""caps.""",data/mineru_output/1403.7400/1403.7400/hybrid_auto/images/1403.7400_page0_fig3.jpg
l1_1403.7400_1403.7400_fig_4_32,1403.7400,1403.7400_fig_4,example,anomaly_cause,no_visual_anchor,,What type of algorithmic detection does the screenshot-based response at 7:50 AM evade compared to traditional mentions?,The main Twitter post timestamp of 7:50 AM - 27 Dec 2013 containing screenshot captures,Using screen captures rather than quotes is another practice that adds to the invisibility of engagement to algorithms,data/mineru_output/1403.7400/1403.7400/hybrid_auto/images/1403.7400_page0_fig3.jpg
l1_1403.7400_1403.7400_fig_5_33,1403.7400,1403.7400_fig_5,example,value_context,no_visual_anchor|ungrounded_why,,Why does Blake Hounshell's January 2014 tweet demonstrate the assumption that information spreads like germs across platforms?,Tweet dated '11:18 AM - 1 Jan 2014' with text 'Getting crowded under that bus.',Do social mediia networks opperate through similar mechaannisms as netwoorks of airliness? Does informmation work thhe wway germs doo? Such questiions are rarelyy explicitly addddressed even tthough many  papers importt methods fromm oother fields on  the implicit asssumption that  the answer is  a yyes.,data/mineru_output/1403.7400/1403.7400/hybrid_auto/images/1403.7400_page0_fig4.jpg
l1_1403.7400_1403.7400_fig_5_34,1403.7400,1403.7400_fig_5,example,comparison_explanation,no_visual_anchor,,How does the 64 retweets metric shown relate to studies limited to single platforms with restricted explanatory power?,Engagement counter showing '64 RETWEETS' and '55 FAVORITES',"Studies thaat do look at tthis question, ssuch as Romerro eet al. (2011) annd Lerman et aal. (2010), are  often limited tto ssingle, or few , platforms, wwhich limit thheir explanatorry ppower",data/mineru_output/1403.7400/1403.7400/hybrid_auto/images/1403.7400_page0_fig4.jpg
l1_1403.7400_1403.7400_fig_5_35,1403.7400,1403.7400_fig_5,example,visual_definition,ungrounded_why,,Why does the verified checkmark and follower count exemplify how humans respond to the metrics researchers measure?,Blue verified checkmark icon next to Blake Hounshell's name,"Unlike disease  vectors or gasses in a chambber, humans unndderstand, evaluuate and responnd to the same  metrics that biig ddata researcherrs are measurinng. For exampple, political acctiivists, especiallly in countriees such as Bahhrain, where thhe uunrest and reprression have re ceived less maainstream globaal mmedia attentio n, often undeertake deliberaate attempts tto mmake a hashtagg ""trend.""",data/mineru_output/1403.7400/1403.7400/hybrid_auto/images/1403.7400_page0_fig4.jpg
l1_1403.7400_1403.7400_fig_6_37,1403.7400,1403.7400_fig_6,photo,comparison_explanation,no_visual_anchor,,Does the #stoplyingCNN hashtag campaign illustrate how humans respond to the same big data metrics researchers measure?,#stoplyingCNN hashtag visible in the tweet text,"UUnlike disease vectors or gasses in a chambber, humans unndderstand, evaluuate and responnd to the same metrics that biig ddata researcherrs are measurinng.",data/mineru_output/1403.7400/1403.7400/hybrid_auto/images/1403.7400_page0_fig5.jpg
l1_1403.7400_1403.7400_fig_6_38,1403.7400,1403.7400_fig_6,photo,value_context,no_visual_anchor,,"How does the June 25, 2013 timestamp relate to understanding context of human communications on social media?",Timestamp reading 8:41 AM - 25 Jun 13,"Meaniing of social mmedia imprints , context of huuman communiccations, and naature of socio -cultural interaactions are multi--faceted and ccomplex.",data/mineru_output/1403.7400/1403.7400/hybrid_auto/images/1403.7400_page0_fig5.jpg
l1_1409.0575_1409.0575_fig_1_41,1409.0575,1409.0575_fig_1,diagram,comparison_explanation,no_visual_anchor,,Does the seven-dimensional organization visible in the rows support using multiple search engines and expanded multilingual queries during collection?,Seven distinct horizontal rows with bidirectional arrows showing dimensional ranges,"collecting a diverse set of candidate images by using multiple search engines and an expanded set of queries in multiple languages (Section 3.1.2), and finally filtering the millions of collected i",data/mineru_output/1409.0575/1409.0575/hybrid_auto/images/1409.0575_page0_fig0.jpg
l1_1409.0575_1409.0575_fig_55_42,1409.0575,1409.0575_fig_55,photo,value_context,no_visual_anchor,,Do the metallic measuring tools shown represent easiest or hardest classes in ILSVRC2012-2014 object detection?,metallic measuring scoops on wooden cutting board,"For each object category, we take the best performance of any entry submitted to ILSVRC2012-2014 (including entries using additional training data). Given these 'optimistic' results we show the easiest and harder classes for each task.",data/mineru_output/1409.0575/1409.0575/hybrid_auto/images/1409.0575_page0_fig54.jpg
l1_1409.0575_1409.0575_fig_55_43,1409.0575,1409.0575_fig_55,photo,comparison_explanation,no_visual_anchor,,Do the wooden cutting board and kitchen items represent classes with best or worst detection performance?,wooden cutting board with various kitchen implements,"Fig. 12 For each object category, we take the best performance of any entry submitted to ILSVRC2012-2014 (including entries using additional training data). Given these 'optimistic' results we show the easiest and harder classes for the object detection task, i.e., classes with best and worst result",data/mineru_output/1409.0575/1409.0575/hybrid_auto/images/1409.0575_page0_fig54.jpg
l1_1409.0575_1409.0575_fig_75_44,1409.0575,1409.0575_fig_75,photo,comparison_explanation,no_visual_anchor,,Are these bundled pink-tipped objects classified among the easiest or hardest categories based on optimistic ILSVRC2012-2014 performance?,entire bundle of pink-tipped cylindrical objects,"For each object category, we take the best performance of any entry submitted to ILSVRC2012-2014 (including entries using additional training data). Given these 'optimistic' results we show the easiest and harder classes for each task.",data/mineru_output/1409.0575/1409.0575/hybrid_auto/images/1409.0575_page0_fig74.jpg
l1_1412.3756_1412.3756_fig_5_63,1412.3756,1412.3756_fig_5,plot,value_context,no_visual_anchor,,How do the fairness-accuracy tradeoffs visible across lambda increments in both Geometric and Combinatorial columns align with the partial repair methodology?,"Multiple points for each method (SVM, LR, GNB) distributed across fairness values 0.8-1.1 in Geometric and Combinatorial columns","Figure 5 shows our fairness and accuracy results for both combinatorial and geometric partial repairs for values of $\lambda \in [ 0 , 1 ]$ at increments of 0.1 using all three classifiers described above.",data/mineru_output/1412.3756/1412.3756/hybrid_auto/images/1412.3756_page0_fig4.jpg
l1_1511.00830_1511.00830_fig_16_76,1511.00830,1511.00830_fig_16,plot,visual_definition,no_visual_anchor|ungrounded_why,,Why are images clustered by lighting conditions in visualization (a) despite the goal of learning invariant representations?,"Visualization (a) showing scattered clusters with person IDs 10, 17, 18, 19, 22, 26",This can also be seen in the two dimensional embeddings of the original space x in Figure 5a: the images are mostly clustered according to the lighting conditions.,data/mineru_output/1511.00830/1511.00830/hybrid_auto/images/1511.00830_page0_fig15.jpg
l1_1511.00830_1511.00830_fig_16_77,1511.00830,1511.00830_fig_16,plot,comparison_explanation,no_visual_anchor,,Does the spatial arrangement difference between visualizations (a) and (b) demonstrate latent variable z1's invariance to lighting conditions?,Contrasting cluster patterns between visualization (a) original x and visualization (b) latent z1,"We introduce the Variational Fair Autoencoder (VFAE), an extension of the semi-supervised variational autoencoder in order to learn representations that are explicitly invariant with respect to some known aspect of a dataset",data/mineru_output/1511.00830/1511.00830/hybrid_auto/images/1511.00830_page0_fig15.jpg
l1_1511.00830_1511.00830_fig_16_78,1511.00830,1511.00830_fig_16,plot,value_context,no_visual_anchor,,How does the person ID labeling in both visualizations support the claim about retaining remaining information beyond lighting?,"Person ID numbers 10, 17, 18, 19, 22, 26 labeling points in both (a) and (b)",learn representations that are explicitly invariant with respect to some known aspect of a dataset while retaining as much remaining information as possible,data/mineru_output/1511.00830/1511.00830/hybrid_auto/images/1511.00830_page0_fig15.jpg
l1_1511.00830_1511.00830_fig_18_79,1511.00830,1511.00830_fig_18,plot,value_context,ungrounded_why,,Why do the clustered points near 0.5 on both axes indicate domain invariance in VFAE's z1 representation?,"Clustered data points near coordinate (0.5, 0.5) in the left plot","we also calculated the Proxy A-distance (PAD) (Ben-David et al., 2007; 2010) scores for the raw data x and for the $\mathbf { z } _ { 1 }$ representations of VFAE",data/mineru_output/1511.00830/1511.00830/hybrid_auto/images/1511.00830_page0_fig17.jpg
l1_1602.05352_1602.05352_fig_1_84,1602.05352,1602.05352_fig_1,table,comparison_explanation,ungrounded_why,,Why do prediction matrices Ŷ₁ and Ŷ₂ differ for Romance-lovers on Drama despite identical observation patterns?,Bottom row matrices showing Ŷ₁ with value 5 and Ŷ₂ with value 5 for Romance-lovers on Drama,Consider a toy example adapted from Steck (2010) to illustrate the disastrous effect that selection bias can have on conventional evaluation using a test set of held-out ratings,data/mineru_output/1602.05352/1602.05352/hybrid_auto/images/1602.05352_page0_fig0.jpg
l1_1602.05352_1602.05352_fig_5_90,1602.05352,1602.05352_fig_5,plot,value_context,no_visual_anchor,,Does the MSE reduction from 1.75 to near 0.1 as alpha increases demonstrate propensity estimation quality impact?,MSE values decreasing from approximately 1.75 at alpha=0 to near 0.1 at alpha=1 for both curves,Figure 3 (right) shows how learning performance is affected by inaccurate propensities using the same setup as in Section 6.3.,data/mineru_output/1602.05352/1602.05352/hybrid_auto/images/1602.05352_page0_fig4.jpg
l1_1603.07025_1603.07025_fig_1_94,1603.07025,1603.07025_fig_1,example,comparison_explanation,ungrounded_why,,Why does the nested indentation below SirPatStew's comment demonstrate the focus on sharing versus discussion?,Nested comment indentation below SirPatStew's blue username,Many subreddits are primarily about sharing web content from other sites,data/mineru_output/1603.07025/1603.07025/hybrid_auto/images/1603.07025_page0_fig0.jpg
l1_1603.07025_1603.07025_fig_13_110,1603.07025,1603.07025_fig_13,plot,comparison_explanation,ungrounded_why,,Why do individual cohort lines rise after time 1 despite the overall average length decreasing over time?,"cohort lines (green, blue dashed, dark blue solid) rising after initial drop at time ~1","The overall average length per comment decreases over time, although for any individual cohort, it increases after a sharp initial drop.",data/mineru_output/1603.07025/1603.07025/hybrid_auto/images/1603.07025_page0_fig12.jpg
l1_1607.06520_1607.06520_fig_1_116,1607.06520,1607.06520_fig_1,plot,value_context,ungrounded_why,,Why do most occupation dots cluster between -0.1 and 0.1 on both axes despite using 300-dimensional word2vec?,Dense cluster of blue dots concentrated in the central region between -0.1 and 0.1 on both axes,"the embedding we refer to in this paper is the aforementioned w2vNEWS embedding, a $d = 3 0 0$ -dimensional word2vec [24, 25] embedding",data/mineru_output/1607.06520/1607.06520/hybrid_auto/images/1607.06520_page0_fig0.jpg
l1_1610.02413_1610.02413_fig_9_145,1610.02413,1610.02413_fig_9,diagram,comparison_explanation,ungrounded_why,,Why is the optimal score R* connected only to X3 rather than directly to A in this model?,Arrow from X3 to R* with no arrow from A to R*,"The optimal score $R ^ { * }$ is in one case based directly on $A$ or its surrogate, and in another only on a directly predictive feature",data/mineru_output/1610.02413/1610.02413/hybrid_auto/images/1610.02413_page0_fig8.jpg
l1_1610.02413_1610.02413_fig_10_149,1610.02413,1610.02413_fig_10,diagram,anomaly_cause,ungrounded_why,,Why are both directed structures shown when no test using only target labels and protected attribute can distinguish the scenarios?,Two distinct directed dependency structures with identical node sets but different causal interpretations,"the two scenarios are indistinguishable using any oblivious test. That is, no test based only on the target labels, the protecte",data/mineru_output/1610.02413/1610.02413/hybrid_auto/images/1610.02413_page0_fig9.jpg
l1_1610.07524_1610.07524_fig_1_166,1610.07524,1610.07524_fig_1,plot,value_context,ungrounded_why,,Why does the observed probability rise from approximately 0.20 at decile 1 to 0.85 at decile 10?,Black bars rising from 0.20 at decile 1 to 0.85 at decile 10,Figure 1 shows a plot of the observed recidivism rates across all possible values of the COMPAS score.,data/mineru_output/1610.07524/1610.07524/hybrid_auto/images/1610.07524_page0_fig0.jpg
l1_1610.08452_1610.08452_fig_1_171,1610.08452,1610.08452_fig_1,table,comparison_explanation,ungrounded_why,,Why does C1's decision to stop both Female 1 and Male 1 demonstrate disparate impact despite identical non-sensitive attributes?,C1 column showing decision 1 for both Female 1 and Male 1 with identical Bulge=1 and Crime=✓,there is disparate impact when the decision outcomes disproportionately benefit or hurt members of certain sensitive attribute value groups,data/mineru_output/1610.08452/1610.08452/hybrid_auto/images/1610.08452_page0_fig0.jpg
l1_1611.07509_1611.07509_fig_1_193,1611.07509,1611.07509_fig_1,diagram,comparison_explanation,no_visual_anchor|ungrounded_why,,Why does Race connect to Loan through Zip_code when analyzing the expected change treating disadvantaged applicants as advantaged?,path from Race through Zip_code to Loan,"When applied to the example in Figure 1, it means the expected change in loan approval of the disadvantage group if they had the same racial makeups shown in the Zip code as the advantage group.",data/mineru_output/1611.07509/1611.07509/hybrid_auto/images/1611.07509_page0_fig0.jpg
l1_1611.07509_1611.07509_fig_2_196,1611.07509,1611.07509_fig_2,diagram,comparison_explanation,no_visual_anchor|ungrounded_why,,Why does the path X→Z1→Y allow total causal effect calculation from X to Y as defined by do-calculus?,Path from X through Z1 directly to Y,"By using the do-calculus, the total causal effect of X on Y is defined as fo",data/mineru_output/1611.07509/1611.07509/hybrid_auto/images/1611.07509_page0_fig1.jpg
l1_1611.07509_1611.07509_fig_5_203,1611.07509,1611.07509_fig_5,diagram,value_context,no_visual_anchor,,How does the causal network structure support elift's discrimination pattern representation in the Dutch dataset?,directed edges from sex and age nodes to multiple downstream nodes,"Classification rule-based methods such as elift (Pedreshi, Ruggieri, and Turini 2008) and belift (Mancuhan and Clifton 2014) were proposed to represent certain discrimination patterns",data/mineru_output/1611.07509/1611.07509/hybrid_auto/images/1611.07509_page0_fig4.jpg
l1_1701.08230_1701.08230_fig_2_205,1701.08230,1701.08230_fig_2,plot,comparison_explanation,ungrounded_why,,Why does detaining 30% of defendants using a single threshold violate statistical parity despite the distributions shown?,Different shapes of red and blue probability curves in simulated panel,"using a single threshold which detains $3 0 \%$ of defendants in Broward County violates statistical parity (as measured by detention rate), predictive equality (false positive rate), and conditional statistical parity",data/mineru_output/1701.08230/1701.08230/hybrid_auto/images/1701.08230_page0_fig1.jpg
l1_1703.06856_1703.06856_fig_8_218,1703.06856,1703.06856_fig_8,diagram,comparison_explanation,ungrounded_why,,"Why does Race have directed edges to Arrest, Searched, Frisked, and Force in the 2014 NYPD dataset model?","Race node with four outgoing directed edges to Arrest, Searched, Frisked, and Force","We consider the data collected on males stopped during 2014 which constitutes 38,609 records. We limit our analysis to looking",data/mineru_output/1703.06856/1703.06856/hybrid_auto/images/1703.06856_page0_fig7.jpg
l1_1705.10378_1705.10378_fig_4_229,1705.10378,1705.10378_fig_4,diagram,value_context,no_visual_anchor,,How does estimating NDE using the causal paths shown enable robust fair inference despite Y model misspecification?,Direct and indirect paths from A through M to Y in both diagrams,We also illustrate how a part of the model involving the outcome $Y$ may be regularized without compromising fair inferences if the NDE quantifying discrimination is estimated using methods that are robust to misspecification of the $Y$ model.,data/mineru_output/1705.10378/1705.10378/hybrid_auto/images/1705.10378_page0_fig3.jpg
l1_1706.02409_1706.02409_fig_4_232,1706.02409,1706.02409_fig_4,plot,visual_definition,ungrounded_why,,Why are only six curves shown when race or gender protected features define the subgroups?,"six distinct curves in the legend: three fairness types (Group, Hybrid, Individual) each with single and separate variants","For datasets with binary-valued targets (logistic regression), we consider three fairness notions (group, individual and hybrid), and for each examine building a single model or separate models for each group, yielding a total of six curves.",data/mineru_output/1706.02409/1706.02409/hybrid_auto/images/1706.02409_page0_fig3.jpg
l1_1706.02744_1706.02744_fig_1_238,1706.02744,1706.02744_fig_1,diagram,visual_definition,no_visual_anchor,,"What role do nodes A, X, and R play in organizing assumptions about the data generating process?","Three nodes A, X, and R with connecting arrows","Causal graphs are a convenient way of organizing assumptions about the data generating process. We will generally consider causal graphs involving a protected attribute $A$ , a set of proxy variables $P _ { - }$ , features $X$ , a predictor $R$",data/mineru_output/1706.02744/1706.02744/hybrid_auto/images/1706.02744_page0_fig0.jpg
l1_1707.09457_1707.09457_fig_1_257,1707.09457,1707.09457_fig_1,example,comparison_explanation,no_visual_anchor|ungrounded_why,,Why does the fifth image show MAN as agent when training data contains 33% men in cooking roles?,Fifth image table showing AGENT-MAN pair,"In the imSitu training set, $33 \%$ of cooking images have man in the agent role while the rest have woman. After training a Conditional Random Field (CRF), bias is amplified: man fills $16 \%$ of agent roles in cooking images.",data/mineru_output/1707.09457/1707.09457/hybrid_auto/images/1707.09457_page0_fig0.jpg
l1_1707.09457_1707.09457_fig_2_260,1707.09457,1707.09457_fig_2,plot,anomaly_cause,ungrounded_why,,Why does shopping appear near 0.2 on both axes when the dataset shows 64.6% of verbs favor males?,"shopping label positioned at approximately (0.2, 0.2) in lower left quadrant","Overall, the dataset is heavily biased toward male agents, with $6 4 . 6 \%$ of verbs favoring a male agent by an average bias of 0.707 (roughly 3:1 male).",data/mineru_output/1707.09457/1707.09457/hybrid_auto/images/1707.09457_page0_fig1.jpg
l1_1710.11214_1710.11214_fig_2_281,1710.11214,1710.11214_fig_2,plot,visual_definition,no_visual_anchor|ungrounded_why,,Why do the darker blocks appear sparse across the matrix despite user preferences being disproportionate in the real world?,sparse darker blocks scattered across predominantly light matrix background,"With these settings for user preferences and item attributes, the resulting matrix of true utility is sparse (e.g., figure 2), which matches commonly accepted intuitions about user behavior.",data/mineru_output/1710.11214/1710.11214/hybrid_auto/images/1710.11214_page0_fig1.jpg
l1_1710.11214_1710.11214_fig_2_282,1710.11214,1710.11214_fig_2,plot,value_context,no_visual_anchor,,Does the visible structure in darker regions support the claim that matrix factorization can easily capture this data?,clustered darker blocks showing structured patterns in utility values,"The distribution of user preferences is disproportionate, like the real world, and the structure is easily captured with matrix factorization.",data/mineru_output/1710.11214/1710.11214/hybrid_auto/images/1710.11214_page0_fig1.jpg
l1_1710.11214_1710.11214_fig_3_286,1710.11214,1710.11214_fig_3,plot,anomaly_cause,ungrounded_why,,Why do all recommendation lines decline after iteration 50 in Case 1 despite initial mild homogenization?,"All colored lines (content, MF, popularity, social) showing slight increase to ~0.03 near iteration 50, then declining toward zero by iteration 100 in left panel","On the left, mild homogenization of behavior occurs soon after a single training, but then diminishes",data/mineru_output/1710.11214/1710.11214/hybrid_auto/images/1710.11214_page0_fig2.jpg
l1_1710.11214_1710.11214_fig_6_293,1710.11214,1710.11214_fig_6,plot,comparison_explanation,ungrounded_why,,Why do pink MF squares span Gini 0.65-0.8 while causing similar homogenization as content algorithms?,Pink MF squares at higher Gini values (0.65-0.8) compared to yellow content diamonds (0.5-0.65),Similar homogenization can result in different item consumption distributions.,data/mineru_output/1710.11214/1710.11214/hybrid_auto/images/1710.11214_page0_fig5.jpg
l1_1711.08536_1711.08536_fig_1_309,1711.08536,1711.08536_fig_1,plot,comparison_explanation,no_visual_anchor,,Does the concentration in few large segments explain why ImageNet shows a similar distribution pattern at country level?,"Large segments for US (32.1%), GB (12.9%), FR (4.3%) versus many small segments","We had lower coverage for ImageNet, but the distribution was similarly dominated by a small number of countries, as shown in Figure 1.",data/mineru_output/1711.08536/1711.08536/hybrid_auto/images/1711.08536_page0_fig0.jpg
l1_1711.08536_1711.08536_fig_7_314,1711.08536,1711.08536_fig_7,plot,value_context,no_visual_anchor,,Does the leftward shift of Ethiopia and Nigeria curves below log-likelihood -2 support concerns about geo-diversity?,Ethiopia and Nigeria density curves concentrated in the -4 to -2 log-likelihood range,It is clear that standard open source data sets such as ImageNet or Open Images may not have sufficient geo-diversity for broad representation across the developing world.,data/mineru_output/1711.08536/1711.08536/hybrid_auto/images/1711.08536_page0_fig6.jpg
l1_1711.08536_1711.08536_fig_7_315,1711.08536,1711.08536_fig_7,plot,visual_definition,no_visual_anchor,,How does the clustering of all eight country curves between -4 and 2 relate to crowdsourced testing?,All eight country density curves clustered between log-likelihood values -4 and 2,Our first method of collecting stress-test data was to ask crowdsourced raters located in Hyderabad to find and return URLs of images on the internet that matched particular labels,data/mineru_output/1711.08536/1711.08536/hybrid_auto/images/1711.08536_page0_fig6.jpg
l1_1801.04385_1801.04385_fig_1_320,1801.04385,1801.04385_fig_1,plot,anomaly_cause,ungrounded_why,,Why does acceptance probability at position 7 reach approximately 0.352 despite the previously reported finding about answer position?,black dot at position 7 showing acceptance probability approximately 0.352,Our approach reveals that the previously reported nding that acceptance probability decreases with answer position [9] is an instance of Sim,data/mineru_output/1801.04385/1801.04385/hybrid_auto/images/1801.04385_page0_fig0.jpg
l1_1801.04385_1801.04385_fig_1_321,1801.04385,1801.04385_fig_1,plot,value_context,no_visual_anchor,,How many Simpson's pairs were identified from the 110 possible ones to explain the acceptance probability pattern from 0.34 to 0.36?,acceptance probability range spanning from approximately 0.34 to 0.36 across positions 1 to 8,"e eleven variables in Stack Exchange data, result in 110 possible Simpson's pairs. Among these, our method identies seven as instance of paradox",data/mineru_output/1801.04385/1801.04385/hybrid_auto/images/1801.04385_page0_fig0.jpg
l1_1801.04385_1801.04385_fig_7_330,1801.04385,1801.04385_fig_7,plot,visual_definition,no_visual_anchor,,How does disaggregating by reputation ranges reveal the paradox that the method aims to uncover systematically?,six distinct colored lines showing different trends when disaggregated by reputation ranges,"e method identies pairs of variables, such that a trend in an outcome as a function of one variable disappears or reverses itself when the same data is disaggregated by conditioning it on the second variable. e disaggregated data corresponds to subgroups within the population generating the data",data/mineru_output/1801.04385/1801.04385/hybrid_auto/images/1801.04385_page0_fig6.jpg
l1_1801.07593_1801.07593_fig_1_336,1801.07593,1801.07593_fig_1,architecture,anomaly_cause,no_visual_anchor,,What problem motivates the two-network architecture with separate losses L_P and L_A for predictor and adversary?,"Two separate loss functions L_P(ŷ,y) and L_A(ẑ,z) above their respective blocks",the available training data frequently contains biases with respect to things that we would rather not use for decision making. Machine learning builds models faithful to training data and can lead to perpetuating these undesirable biases,data/mineru_output/1801.07593/1801.07593/hybrid_auto/images/1801.07593_page0_fig0.jpg
l1_1802.08139_1802.08139_fig_1_342,1802.08139,1802.08139_fig_1,diagram,value_context,no_visual_anchor,,"What causal modeling framework allows nodes A, C, and Y to represent variables with directed links between them?","three circular nodes labeled C, A, Y connected by directed edges forming a triangle","Causal relationships among random variables can be visually expressed using Graphical Causal Models (GCMs), which are a special case of Graphical Models. GCMs comprise nodes representing the variables, and links describing statistical and causal relationships among them.",data/mineru_output/1802.08139/1802.08139/hybrid_auto/images/1802.08139_page0_fig0.jpg
l1_1804.09301_1804.09301_fig_1_385,1804.09301,1804.09301_fig_1,example,anomaly_cause,ungrounded_why,,Why do the coref arrows appear for male and neutral pronouns but disappear for the female pronoun in the third example?,"Absence of dashed coref arrows in the third example with 'her' pronouns, contrasted with present coref arrows in first and second examples","We present an empirical study of gender bias in coreference resolution systems. We first introduce a novel, Winograd schema-style set of minimal pair sentences that differ only by pronoun gender.",data/mineru_output/1804.09301/1804.09301/hybrid_auto/images/1804.09301_page0_fig0.jpg
l1_1804.09301_1804.09301_fig_2_388,1804.09301,1804.09301_fig_2,example,comparison_explanation,ungrounded_why,,Why do sentences 1a and 1b both use 'the passenger' and 'someone' when rule-based systems like Stanford multi-pass sieve lack large-scale training data?,sentences 1a and 1b showing 'the passenger' (blue) versus 'someone' (blue) as different participant types,"In the absence of large-scale data for training coreference models, early systems relied heavily on expert knowledge. A frequently used example of this is the Stanford multi-pass sieve system",data/mineru_output/1804.09301/1804.09301/hybrid_auto/images/1804.09301_page0_fig1.jpg
l1_1804.09301_1804.09301_fig_2_389,1804.09301,1804.09301_fig_2,example,value_context,no_visual_anchor,,How do the bold correct answers in sentences 2a and 2b relate to the claim that all systems perform worse on gotcha sentences?,bold text indicating correct answers in sentences 2a ('was/were already dead') and 2b ('was/were already dead'),"We also identify so-called ""gotcha"" sentences in which pronoun gender does not match the occupation's majority gender (BLS) if OCCUPATION is the correct answer; all systems perform worse on these ""gotchas.""",data/mineru_output/1804.09301/1804.09301/hybrid_auto/images/1804.09301_page0_fig1.jpg
l1_1804.09301_1804.09301_fig_4_395,1804.09301,1804.09301_fig_4,plot,value_context,no_visual_anchor,,Do the three regression lines with 95% confidence intervals reveal varying degrees of gender bias across system architectures?,three colored regression lines with different slopes and 95% confidence interval bands,"By multiple measures, the Winogender schemas reveal varying degrees of gender bias in all three systems.",data/mineru_output/1804.09301/1804.09301/hybrid_auto/images/1804.09301_page0_fig3.jpg
l1_1805.03094_1805.03094_fig_2_398,1805.03094,1805.03094_fig_2,plot,comparison_explanation,no_visual_anchor,,Do the declining trends from position 0 to 20 in all colored curves support disaggregation by answer count?,declining trends in all curves from answer position 0 to 20,"Figure 1 visualizes the data, disaggregated on the number of answers",data/mineru_output/1805.03094/1805.03094/hybrid_auto/images/1805.03094_page0_fig1.jpg
l1_1805.03094_1805.03094_fig_14_406,1805.03094,1805.03094_fig_14,plot,anomaly_cause,ungrounded_why,,Why do the pink dots remain stable around 0.8 across all months despite lessons introducing more distinct words?,pink dots with error bars at approximately 0.8 performance level,"After 20 new words are shown in a lesson, users can no longer answer all the words correctly.",data/mineru_output/1805.03094/1805.03094/hybrid_auto/images/1805.03094_page0_fig13.jpg
l1_1805.03677_1805.03677_fig_2_419,1805.03677,1805.03677_fig_2,plot,comparison_explanation,ungrounded_why,,Why do the combined 44.1% with no practices and 8.8% in development exceed those with established practices?,Blue segment (44.1%) and green segment (8.8%) compared to red segment (26.5%),"We conducted an anonymous online survey (Figure 2), ​the results of which further lend credence to this problem.",data/mineru_output/1805.03677/1805.03677/hybrid_auto/images/1805.03677_page0_fig1.jpg
l1_1805.03677_1805.03677_fig_7_432,1805.03677,1805.03677_fig_7,plot,comparison_explanation,no_visual_anchor,,How does visualizing both positive and negative correlation heatmaps expedite decision making without sacrificing quality in model development?,two separate heatmaps with grayscale gradients showing correlation strength,"It also expedites decision making, which saves time in the overall model development phase without sacrificing the quality or thoroughness of the data interrogation itself",data/mineru_output/1805.03677/1805.03677/hybrid_auto/images/1805.03677_page0_fig6.jpg
l1_1805.05859_1805.05859_fig_4_436,1805.05859,1805.05859_fig_4,diagram,comparison_explanation,ungrounded_why,,Why do only some edges from A carry counterfactual values when the goal is minimizing untestable assumptions?,"Subset of directed edges from node A to X1, X2, and through to Ŷ","When the goal is to minimise the number of untestable assumptions, one direction is to avoid making any explicit assumptions about the structural equations of the causal model. In this line of work, assumptions about the directed edges in the causal graph and a parametric formulation for the observed distributions are allowed, as well as independence constraints among counterfactuals.",data/mineru_output/1805.05859/1805.05859/hybrid_auto/images/1805.05859_page0_fig3.jpg
l1_1805.05859_1805.05859_fig_4_438,1805.05859,1805.05859_fig_4,diagram,visual_definition,no_visual_anchor,,"What role do the three variables A, X1, X2 play in demonstrating path-specific counterfactual propagation to predictor Ŷ?","Nodes A, X1, X2 connected to Ŷ through multiple directed paths","Figure 2(a) shows an example with three variables $A , X _ { 1 } , X _ { 2 }$ and the predictor $\hat { Y }$ .",data/mineru_output/1805.05859/1805.05859/hybrid_auto/images/1805.05859_page0_fig3.jpg
l1_1805.09458_1805.09458_fig_2_444,1805.09458,1805.09458_fig_2,plot,value_context,no_visual_anchor,,Does the cyan triangular cluster distribution at X1=50 support successful unsupervised manipulation of the decoder?,"cyan triangular points scattered across plot, including cluster near X1=50","We demonstrate a form of unsupervised image manipulation inspired by Fader Networks [14] on the MNIST dataset. We use the digit label as the covariate class $c$ , which pushes all non-class stylistic information into the latent space",data/mineru_output/1805.09458/1805.09458/hybrid_auto/images/1805.09458_page0_fig1.jpg
l1_1805.11202_1805.11202_fig_2_451,1805.11202,1805.11202_fig_2,architecture,comparison_explanation,ungrounded_why,,Why does discriminator D1 receive both P_data and P_G inputs when its objective function uses D(·) probability?,"D1 discriminator box with two input arrows from P_data(x,y|s) and P_G(x,y|s)",where $D ( \cdot )$ outputs the probability that $\cdot$ is from the real data rather Dthan the generated fake data,data/mineru_output/1805.11202/1805.11202/hybrid_auto/images/1805.11202_page0_fig1.jpg
l1_1805.11202_1805.11202_fig_2_453,1805.11202,1805.11202_fig_2,architecture,visual_definition,ungrounded_why,,Why does the structure show G_Dec receiving hidden representations when x'=Dec(Enc(x)) captures salient input information?,G_Dec Generator box at bottom center receiving inputs from Ps and Pz,"where $\mathbf { x } ^ { \prime } = D e c ( E n c ( \mathbf { x } ) )$ . Because the hidden representation can Dec Encbe used to reconstruct the original input, it captures the salient information of the input. To generate the dataset which contains discrete attributes, the generator $G _ { D e c }$ in medGAN consists of two components, the generator $G$ GDecand the decoder",data/mineru_output/1805.11202/1805.11202/hybrid_auto/images/1805.11202_page0_fig1.jpg
l1_1808.08166_1808.08166_fig_3_470,1808.08166,1808.08166_fig_3,plot,anomaly_cause,no_visual_anchor|ungrounded_why,,Why do most colored curves show rapid descent from high gamma values before iteration 2000 for input gamma ranging 0 to 0.03?,Steep decline in colored curves between iteration 0 and 2000,"Kearns et al. [2018] had already reported preliminary convergence results for the Communities and Crime dataset, showing that their algorithm converges quickly, and that varying the input $\gamma$ provides an appealing trade-off between error and fairness",data/mineru_output/1808.08166/1808.08166/hybrid_auto/images/1808.08166_page0_fig2.jpg
l1_1809.01496_1809.01496_fig_1_481,1809.01496,1809.01496_fig_1,plot,visual_definition,ungrounded_why,,Why are waitress and nun positioned at negative x-values while waiter and salesman appear at positive x-values?,"red triangles (waitress, nun) at x < 0 and green triangles (waiter, salesman) at x > 0",where $\Omega ^ { \prime }$ is a set of predefined gender word pairs,data/mineru_output/1809.01496/1809.01496/hybrid_auto/images/1809.01496_page0_fig0.jpg
l1_1809.01496_1809.01496_fig_1_483,1809.01496,1809.01496_fig_1,plot,value_context,no_visual_anchor,,How do the positions of colonel and captain demonstrate the method's generalization beyond binary gender pronouns?,"colonel and captain labels positioned near x=0.5-1.0, y=0 to -1.0",Future directions include extending the proposed approach to model other properties of words such as sentiment and generalizing our analysis beyond binary gender,data/mineru_output/1809.01496/1809.01496/hybrid_auto/images/1809.01496_page0_fig0.jpg
l1_1809.02208_1809.02208_fig_1_484,1809.02208,1809.02208_fig_1,example,comparison_explanation,ungrounded_why,,Why does translating 'ő egy ápoló' yield 'she's a nurse' while 'ő egy tudós' produces 'he is a scientist'?,First line 'ő egy ápoló' translating to 'she's a nurse' versus second line 'ő egy tudós' translating to 'he is a scientist',"In this paper we assume that a statistical translation tool should reflect at most the inequality existent in society – it is only logical that a translation tool will poll from examples that society produced and, as such, will inevitably retain some of that bias.",data/mineru_output/1809.02208/1809.02208/hybrid_auto/images/1809.02208_page0_fig0.jpg
l1_1809.02208_1809.02208_fig_2_488,1809.02208,1809.02208_fig_2,plot,comparison_explanation,no_visual_anchor,,Does the wider horizontal spread of Production turquoise bars compared to STEM olive bars support an inverse distribution claim?,"Production category (turquoise) bars visible from X=0 to approximately X=5, contrasted with STEM (olive) concentrated at X=0",The histogram in Figure 2 suggests that the number of female pronouns is inversely distributed – which is mirrored in the data for gender-neutral pronouns in Figure 4,data/mineru_output/1809.02208/1809.02208/hybrid_auto/images/1809.02208_page0_fig1.jpg
l1_1809.02208_1809.02208_fig_3_492,1809.02208,1809.02208_fig_3,plot,comparison_explanation,no_visual_anchor,,How does the male pronoun distribution pattern extending rightward contrast with the female pronoun pattern mentioned?,distribution extending to x=10 with substantial bars at higher values,"The histogram in Figure 2 suggests that the number of female pronouns is inversely distributed – which is mirrored in the data for gender-neutral pronouns in Figure 4 –, while the same data for male pronouns (shown in Figure 3) suggests a skew normal distribution.",data/mineru_output/1809.02208/1809.02208/hybrid_auto/images/1809.02208_page0_fig2.jpg
l1_1809.02208_1809.02208_fig_7_501,1809.02208,1809.02208_fig_7,plot,comparison_explanation,ungrounded_why,,"Why do Legal and STEM bars show taller pink segments than Healthcare's pink segment, confirming predominance patterns?",Pink (Male) segment height comparison between Legal/STEM bars versus Healthcare bar,"Legal and STEM fields exhibit a predominance of male defaults and contrast with Healthcare and Education, with a larger proportion of female and neutral pronouns.",data/mineru_output/1809.02208/1809.02208/hybrid_auto/images/1809.02208_page0_fig6.jpg
l1_1809.02208_1809.02208_fig_12_518,1809.02208,1809.02208_fig_12,plot,anomaly_cause,no_visual_anchor,,Could the pink bars exceeding 80% for Brave and Guilty reflect male-dominated field demographics rather than bias?,Pink bars (Male) at approximately 80-85% for Brave and Guilty adjectives,A sensible objection to the conclusions we draw from our study is that the perceived gender bias in Google Translate results stems from the fact that possibly female participation in some job positions is itself low. We must account for the possibility that the statistics of gender pronouns in Google Translate outputs merely reflects the demographics of maledominated fields,data/mineru_output/1809.02208/1809.02208/hybrid_auto/images/1809.02208_page0_fig11.jpg
l1_1809.04737_1809.04737_fig_2_541,1809.04737,1809.04737_fig_2,plot,comparison_explanation,ungrounded_why,,Why do female predictions shift from y=1.5 to y=-0.5 while male predictions remain constant across the two classifiers?,blue circles transitioning from y=1.5 to y=-0.5 across classifiers,A fair classifier $f = s i g n ( h )$ that achieves fairness constraint $- c _ { 2 } \leq \mathbb { R D } ( f ) \leq c _ { 1 }$ can be obtained by solving the following constrained optimization,data/mineru_output/1809.04737/1809.04737/hybrid_auto/images/1809.04737_page0_fig1.jpg
l1_1809.10083_1809.10083_fig_18_558,1809.10083,1809.10083_fig_18,plot,comparison_explanation,no_visual_anchor,,Do the well-separated clusters in the visualization of e₁ demonstrate improved representation learning compared to raw data?,comparison between overlapping clusters in raw data versus distinct separated clusters in e₁ visualization,Figure 4 shows t-SNE visualization of raw MNIST-ROT images and $e _ { 1 }$ learned by our model.,data/mineru_output/1809.10083/1809.10083/hybrid_auto/images/1809.10083_page0_fig17.jpg
l1_1809.10083_1809.10083_fig_18_559,1809.10083,1809.10083_fig_18,plot,value_context,no_visual_anchor,,How does the 0.977 accuracy achieved by the model relate to the cluster quality visible in the e₁ t-SNE plot?,well-separated colored clusters in e₁ visualization corresponding to digits 0-9,Metric Angle CAI Ours B0 B1 Ay Θ 0.958 0.977 0.974 0.972 ±55° 0.826 0.856 0.826 0.829 ±65° 0.662,data/mineru_output/1809.10083/1809.10083/hybrid_auto/images/1809.10083_page0_fig17.jpg
l1_1810.01943_1810.01943_fig_1_567,1810.01943,1810.01943_fig_1,diagram,comparison_explanation,no_visual_anchor|ungrounded_why,,"Why does the fair pre-processor trapezoid receive input from training, validation, and testing boxes simultaneously?","fair pre-processor trapezoid with three incoming arrows from training, validation, and testing boxes","An example instantiation of this generic pipeline consists of loading data into a dataset object, transforming it into a fairer dataset using a fair pre-processing algorithm",data/mineru_output/1810.01943/1810.01943/hybrid_auto/images/1810.01943_page0_fig0.jpg
l1_1810.01943_1810.01943_fig_1_568,1810.01943,1810.01943_fig_1,diagram,visual_definition,no_visual_anchor,,Does the fair classifier trapezoid placement between Transformed Dataset and Fair Predicted Dataset support in-processing bias mitigation?,fair classifier trapezoid labeled 'fair in-processing' in center of diagram,"BinaryLabelDatasetMetric examine a single dataset as input (StructuredDataset and BinaryLabelDataset, respectively) and are typically applied in the left half of Figure 1 to either the original dataset or the transformed dataset.",data/mineru_output/1810.01943/1810.01943/hybrid_auto/images/1810.01943_page0_fig0.jpg
l1_1810.01943_1810.01943_fig_10_579,1810.01943,1810.01943_fig_10,plot,comparison_explanation,no_visual_anchor,,How does standard deviation shown by horizontal bars compare between logistic regression and random forest classifiers?,horizontal bars representing ±1 standard deviation across different colored circles,In most cases two classifiers (Logistic regression - LR or Random forest classifier - RF) were used.,data/mineru_output/1810.01943/1810.01943/hybrid_auto/images/1810.01943_page0_fig9.jpg
l1_1810.01943_1810.01943_fig_14_582,1810.01943,1810.01943_fig_14,plot,comparison_explanation,ungrounded_why,,Why does the graph display both 0.59 and 0.85 values for the same Disparate Impact metric?,Two bars showing 0.59 (gray) and 0.85 (teal) for same metric,"convey toolkit richness while still being approachable. In the final design, a short textual introduction to the content of the site, along with direct links to the API documentation and code repository",data/mineru_output/1810.01943/1810.01943/hybrid_auto/images/1810.01943_page0_fig13.jpg
l1_1810.01943_1810.01943_fig_15_583,1810.01943,1810.01943_fig_15,diagram,comparison_explanation,no_visual_anchor,,How does the BinaryLabelDataset's dual aggregation arrows from StructuredDataset and StandardDataset support the toolbox's transformation workflow?,Two aggregation arrows labeled '1' and '2' pointing from StructuredDataset and StandardDataset to BinaryLabelDataset,"The example involves the user loading a dataset, splitting it into training and testing partitions, understanding the outcome disparity between two demographic groups, and transforming the dataset to mitigate this disparity.",data/mineru_output/1810.01943/1810.01943/hybrid_auto/images/1810.01943_page0_fig14.jpg
l1_1810.01943_1810.01943_fig_15_584,1810.01943,1810.01943_fig_15,diagram,visual_definition,no_visual_anchor|ungrounded_why,,"Why are GenericPreProcessing, GenericInProcessing, and GenericPostProcessing shown as separate classes when real bias mitigation algorithms exist?","Three boxes labeled GenericPreProcessing, GenericInProcessing, and GenericPostProcessing with params... notation","The GenericPreProcessing, GenericInProcessing, and GenericPostProcessing are not actual classes but serve as placeholders here for the real bias mitigation algorithms we implemented.",data/mineru_output/1810.01943/1810.01943/hybrid_auto/images/1810.01943_page0_fig14.jpg
l1_1810.03993_1810.03993_fig_1_622,1810.03993,1810.03993_fig_1,plot,anomaly_cause,ungrounded_why,,Why does old-male reach the highest false positive rate near 0.08 when analyzing public figures only?,Green dot at old-male row positioned at approximately 0.08 on x-axis,Faces and annotations based on public figures (celebrities). No new information is inferred or annotated.,data/mineru_output/1810.03993/1810.03993/hybrid_auto/images/1810.03993_page0_fig0.jpg
l1_1810.03993_1810.03993_fig_2_626,1810.03993,1810.03993_fig_2,plot,value_context,no_visual_anchor,,How does the binary male-female categorization visible in the demographic groups relate to the stated evaluation spectrum concern?,"demographic labels showing male, female, old-male, old-female, young-male, young-female categories","Given gender classes are binary (male/not male), which we include as male/female. Further work needed to evaluate across a spectrum of genders.",data/mineru_output/1810.03993/1810.03993/hybrid_auto/images/1810.03993_page0_fig1.jpg
l1_1810.03993_1810.03993_fig_6_627,1810.03993,1810.03993_fig_6,plot,value_context,no_visual_anchor,,"Do the bisexual, homosexual, and heterosexual bars all reaching approximately 0.97 AUC demonstrate Perspective API's toxicity detection performance?","Middle group of three bars (bisexual, homosexual, heterosexual) all at approximately 0.97 AUC","Our second example provides a model card for Perspective API's TOXICITY classifier built to detect 'toxicity' in text [32], and is presented in Figure 3.",data/mineru_output/1810.03993/1810.03993/hybrid_auto/images/1810.03993_page0_fig5.jpg
l1_1810.03993_1810.03993_fig_6_628,1810.03993,1810.03993_fig_6,plot,comparison_explanation,no_visual_anchor|ungrounded_why,,"Why do the lesbian, gay, queer, and straight bars show nearly identical heights around 0.97 despite representing different identity groups?","First group of four bars (lesbian, gay, queer, straight) all at approximately 0.97 height","We provide two example model cards in Section 5: A smiling detection model trained on the CelebA dataset [36] (Figure 2), and a public toxicity detection model [32] (Figure 3).",data/mineru_output/1810.03993/1810.03993/hybrid_auto/images/1810.03993_page0_fig5.jpg
l1_1811.00103_1811.00103_fig_6_649,1811.00103,1811.00103_fig_6,plot,anomaly_cause,ungrounded_why,,"Why do all curves show steeper descent between 2.5 and 7.5 features compared to the gradual decline after 10 features, given that k groups exist?",steep slope of all four lines between x=2.5 and x=7.5 versus shallow slope after x=10,"when there are more than two groups in the data, it is possible that all optimal solutions to fair PCA will not assign the same loss to all groups. However, with $k -",data/mineru_output/1811.00103/1811.00103/hybrid_auto/images/1811.00103_page0_fig5.jpg
l1_1811.03654_1811.03654_fig_1_653,1811.03654,1811.03654_fig_1,plot,value_context,ungrounded_why,,"Why does the Ratio condition reach 7.03 in Treatment 1, supporting the hypothesis about proportional loan repayment rate allocation?",Mean value 7.03 labeled at Ratio condition in Treatment 1 panel,"We found evidence in support of H1A in all treatments: participants consistently rated dividing the $50,000 between the two individuals in proportion of their loan repayment rates (the 'Ratio' decision) as more fair than splitting the $50,000 equally (the 'Equal' decision)",data/mineru_output/1811.03654/1811.03654/hybrid_auto/images/1811.03654_page0_fig0.jpg
l1_1811.03654_1811.03654_fig_1_654,1811.03654,1811.03654_fig_1,plot,comparison_explanation,no_visual_anchor,,How does the consistent Ratio superiority marked with asterisks across all four treatments relate to task-specific feature influence?,"Significance brackets with asterisks (**, ***) connecting Ratio to other conditions across all four treatment panels","In this study, our motivation is to investigate how information on an individual task-specific feature (i.e., the candidates' loan repayment rate) influences perceptions of fairness",data/mineru_output/1811.03654/1811.03654/hybrid_auto/images/1811.03654_page0_fig0.jpg
l1_1811.03654_1811.03654_fig_2_656,1811.03654,1811.03654_fig_2,plot,comparison_explanation,ungrounded_why,,Why does Treatment 2's Equal condition rating of 5.85 exceed All A's 4.00 when the higher-repayment candidate is white?,Treatment 2 subplot showing Equal at 5.85 and All A at 4.00 with *** and * significance markers,"Participants also rated the ""Equal"" decision as more fair than the ""All A"" decision in Treatment 2, but only when the candidate with the higher repayment rate was white",data/mineru_output/1811.03654/1811.03654/hybrid_auto/images/1811.03654_page0_fig1.jpg
l1_1811.03654_1811.03654_fig_3_660,1811.03654,1811.03654_fig_3,plot,comparison_explanation,ungrounded_why,,Why is the All A rating 5.55 significantly higher than Equal's 4.83 in Treatment 3 when both lack proportional allocation?,Treatment 3 lower-left panel showing All A at 5.55 versus Equal at 4.83 with significant difference markers,"When the difference between the two candidates' repayment rates was larger (Treatments 3 and 4), participants viewed the 'All A' decision as more fair than the 'Equal' decision but only when the candidate with the higher repayment rate was black",data/mineru_output/1811.03654/1811.03654/hybrid_auto/images/1811.03654_page0_fig2.jpg
l1_1811.03654_1811.03654_fig_3_661,1811.03654,1811.03654_fig_3,plot,value_context,no_visual_anchor,,Do the Ratio values 6.09 and 5.98 in Treatments 3-4 remain highest despite race attributes?,"Ratio condition showing highest values (6.09 in Treatment 3, 5.98 in Treatment 4) compared to All A and Equal","Our results show that participants perceived the 'Ratio' decision to be more fair than the other two, hence supporting the results from Study 1 and the related discussion. These results are not dependent on the race attribute.",data/mineru_output/1811.03654/1811.03654/hybrid_auto/images/1811.03654_page0_fig2.jpg
l1_1811.03654_1811.03654_fig_4_662,1811.03654,1811.03654_fig_4,plot,value_context,no_visual_anchor,,Does the 30% largest cyan segment contradict the eligibility requirement that workers be located in the United States?,30-39 segment at 30% (largest cyan portion),"To be eligible to take our surveys, the Amazon Mechanical Turk workers had to be located in the United States of America.",data/mineru_output/1811.03654/1811.03654/hybrid_auto/images/1811.03654_page0_fig3.jpg
l1_1811.03654_1811.03654_fig_4_663,1811.03654,1811.03654_fig_4,plot,comparison_explanation,no_visual_anchor|ungrounded_why,,Why does the 28% in the 20-29 cyan segment nearly match the 30% segment despite participation restrictions?,20-29 segment at 28% compared to 30-39 at 30%,"Amazon Mechanical Turk workers ('MTurker') could only participate in on one of the two studies, and not both.",data/mineru_output/1811.03654/1811.03654/hybrid_auto/images/1811.03654_page0_fig3.jpg
l1_1811.03654_1811.03654_fig_5_666,1811.03654,1811.03654_fig_5,plot,comparison_explanation,no_visual_anchor,,How does the 27% turquoise Some college segment compare to the 14% cyan Associate's degree segment among participants?,Some college 27% (turquoise) vs Associate's deg. 14% (cyan),Figure 6: Age distribution of the participants in Study 1.,data/mineru_output/1811.03654/1811.03654/hybrid_auto/images/1811.03654_page0_fig4.jpg
l1_1811.03654_1811.03654_fig_6_668,1811.03654,1811.03654_fig_6,plot,value_context,no_visual_anchor,,Does the turquoise segment representing 56% Female align with the stated gender breakdown for Study 1 participants?,Turquoise segment labeled Female 56%,Figure 8: Gender breakdown of the participants in Study 1.,data/mineru_output/1811.03654/1811.03654/hybrid_auto/images/1811.03654_page0_fig5.jpg
l1_1811.03654_1811.03654_fig_7_671,1811.03654,1811.03654_fig_7,plot,value_context,no_visual_anchor,,Does the 34% Democratic Party segment in the pie chart represent the largest group in Study 1?,cyan segment labeled Democratic Party 34%,Figure 9: Political Affiliation of the participants in Study 1.,data/mineru_output/1811.03654/1811.03654/hybrid_auto/images/1811.03654_page0_fig6.jpg
l1_1811.03654_1811.03654_fig_8_672,1811.03654,1811.03654_fig_8,plot,comparison_explanation,no_visual_anchor,,How does the participant count in FL around 15 compare to TX which also shows approximately 15 participants?,FL and TX bars both at approximately 15 height,Figure 11: Breakup by state of the participants in Study 1.,data/mineru_output/1811.03654/1811.03654/hybrid_auto/images/1811.03654_page0_fig7.jpg
l1_1811.03654_1811.03654_fig_8_673,1811.03654,1811.03654_fig_8,plot,anomaly_cause,ungrounded_why,,Why do most state bars remain below 10 participants despite the political affiliation focus of this study section?,Majority of bars staying below the 10 mark on y-axis,State breakup    Figure 11: Breakup by state of the participants in Study 1.,data/mineru_output/1811.03654/1811.03654/hybrid_auto/images/1811.03654_page0_fig7.jpg
l1_1811.03654_1811.03654_fig_10_675,1811.03654,1811.03654_fig_10,plot,comparison_explanation,ungrounded_why,,Why is the cyan city or urban segment at 26% only slightly larger than the rural segment?,Cyan segment at 26% compared to blue segment at 25%,Residential breakdown of the participants in Study 1.,data/mineru_output/1811.03654/1811.03654/hybrid_auto/images/1811.03654_page0_fig9.jpg
l1_1811.03654_1811.03654_fig_12_677,1811.03654,1811.03654_fig_12,plot,value_context,no_visual_anchor,,Does the 37% Bachelor's degree segment align with typical demographic patterns in Study 2 participants?,Bachelor's degree segment showing 37% (largest segment in cyan),Study 2: Demographic information of the participants,data/mineru_output/1811.03654/1811.03654/hybrid_auto/images/1811.03654_page0_fig11.jpg
l1_1811.03654_1811.03654_fig_12_678,1811.03654,1811.03654_fig_12,plot,comparison_explanation,no_visual_anchor|ungrounded_why,,Why is the combined percentage of Bachelor's and Graduate degrees larger than the Some college segment showing 27%?,"Bachelor's degree (37%), Graduate degree (13%), and Some college (27%) segments",Figure 14: Education of the participants in Study 2.,data/mineru_output/1811.03654/1811.03654/hybrid_auto/images/1811.03654_page0_fig11.jpg
l1_1811.03654_1811.03654_fig_14_681,1811.03654,1811.03654_fig_14,plot,value_context,no_visual_anchor,,Does the 43% Democratic Party turquoise segment represent the political affiliation distribution in Study 2?,turquoise segment labeled Democratic Party at 43%,Figure 16: Political Affiliation of the participants in Study 2.,data/mineru_output/1811.03654/1811.03654/hybrid_auto/images/1811.03654_page0_fig13.jpg
l1_1811.03654_1811.03654_fig_15_684,1811.03654,1811.03654_fig_15,plot,anomaly_cause,no_visual_anchor,,What explains the 0% representation for both Native Hawaiian and American Indian segments in the racial composition pie chart?,Segments labeled Native Hawaiian 0% and American Indian 0%,Residential Community    Figure 18: Residential breakdown of the participants in Study 2.,data/mineru_output/1811.03654/1811.03654/hybrid_auto/images/1811.03654_page0_fig14.jpg
l1_1811.10104_1811.10104_fig_1_686,1811.10104,1811.10104_fig_1,diagram,comparison_explanation,no_visual_anchor|ungrounded_why,,Why do the diagonal projection lines connect Test X and y* axes differently for π₁ versus π₂ subgroups?,Two separate diagonal lines labeled π₁ and π₂ connecting horizontal and vertical axes,"The discussion of 'fairness' in what has gone before is clearly oversimplified. In particular, it has been based upon the premise that the available criterion score is a perfectly relevant, reliable and unbiased measure...",data/mineru_output/1811.10104/1811.10104/hybrid_auto/images/1811.10104_page0_fig0.jpg
l1_1811.10104_1811.10104_fig_4_691,1811.10104,1811.10104_fig_4,plot,comparison_explanation,no_visual_anchor|ungrounded_why,,Why do the filled circles remain above open circles across all SAT-VERBAL scores if DIF examines bias causes?,Filled circles (Males) consistently positioned above open circles (Females) across the entire SAT-VERBAL score range from 200 to 800,"Items displaying a DIF are ideally examined further to identify the cause of bias, and possibly removed from the test",data/mineru_output/1811.10104/1811.10104/hybrid_auto/images/1811.10104_page0_fig3.jpg
l1_1811.10104_1811.10104_fig_4_693,1811.10104,1811.10104_fig_4,plot,comparison_explanation,no_visual_anchor,,How does the consistent vertical separation between filled and open circles relate to renewed 1980s intelligence debates?,Consistent vertical separation of approximately 10-20 percentage points between filled circles (Males) and open circles (Females) throughout the entire plot,"With the start of the 1980s came renewed public debate about the existence of racial differences in general intelligence, and the implications for fair testing, following the publication of the controversial",data/mineru_output/1811.10104/1811.10104/hybrid_auto/images/1811.10104_page0_fig3.jpg
l1_1901.10436_1901.10436_fig_4_699,1901.10436,1901.10436_fig_4,diagram,anomaly_cause,ungrounded_why,,Why were the landmarks tn and sto marked despite DLIB providing 68 key-points for face detection?,Large yellow dots labeled tn at the top and sto near the mouth,"We note that two required points, tn and $s t o$ , were not part of the set of 68 DLIB key-points.",data/mineru_output/1901.10436/1901.10436/hybrid_auto/images/1901.10436_page0_fig3.jpg
l1_1901.10436_1901.10436_fig_14_707,1901.10436,1901.10436_fig_14,diagram,comparison_explanation,no_visual_anchor|ungrounded_why,,Why are channels (d) and (e) necessary before generating the ITA map shown in step (f)?,channels (d) and (e) preceding ITA map (f),(a) Input face (b) skin map (c) $L$ channel (d) $a$ channel (e) $b$ channel (f) ITA map (g) masked ITA map (h) ITA histogram.,data/mineru_output/1901.10436/1901.10436/hybrid_auto/images/1901.10436_page0_fig13.jpg
l1_1901.10436_1901.10436_fig_18_710,1901.10436,1901.10436_fig_18,plot,comparison_explanation,ungrounded_why,,Why does the uniform distribution maintain constant evenness at 1.00 while craniofacial distances achieve only 0.981 Simpson E maximum?,Red Simpson E line at constant 1.00 value,The highest Simpson $D$ value is 5.888 and the lowest is 5.832. The highest and lowest Shannon $H$ values are 1.782 and 1.777.,data/mineru_output/1901.10436/1901.10436/hybrid_auto/images/1901.10436_page0_fig17.jpg
l1_1901.10436_1901.10436_fig_38_717,1901.10436,1901.10436_fig_38,plot,anomaly_cause,no_visual_anchor|ungrounded_why,,Why do all bars remain between 1.2 and 1.9×10^5 if coding scheme 3 uses eight craniofacial measures?,all six bars constrained between 1.2×10^5 and 1.9×10^5,Table 8: Coding scheme 3 is made up of eight craniofacial measures that correspond to different ratios of the face [3].,data/mineru_output/1901.10436/1901.10436/hybrid_auto/images/1901.10436_page0_fig37.jpg
l1_1901.10436_1901.10436_fig_47_720,1901.10436,1901.10436_fig_47,plot,comparison_explanation,no_visual_anchor,,How does the distribution pattern with peaks at 0.5 and 0.9 relate to computing facial symmetry measures using density difference?,"two tallest bars at values 0.5 and 0.9, both reaching approximately 1.9 × 10^5","Finally, we compute two facial symmetry measures based on density difference $D D ( x , y )$ and edge orientation similarity $E O S ( x , y )$ as follows: for each pixel $( x , y )$ in the left 128x64 part ( $I$ and $I _ { e }$ ) and the corresponding 128x64 right part",data/mineru_output/1901.10436/1901.10436/hybrid_auto/images/1901.10436_page0_fig46.jpg
l1_1901.10436_1901.10436_fig_58_726,1901.10436,1901.10436_fig_58,plot,comparison_explanation,ungrounded_why,,Why do the seven bars span from -0.02 to 0.01 when contrast is computed from a single ITA score?,Seven blue bars distributed across x-axis from -0.02 to 0.01,Average the values to give a single ITA score for each face,data/mineru_output/1901.10436/1901.10436/hybrid_auto/images/1901.10436_page0_fig57.jpg
l1_1901.10436_1901.10436_fig_64_731,1901.10436,1901.10436_fig_64,plot,value_context,no_visual_anchor|ungrounded_why,,"Why do both bars reach approximately 460,000 when this represents subjective annotations for the DiF data set?",Both bars at 4.6×10^5 level,Figure 14 summarizes the feature distribution for the subjective annotations of age and gender for coding scheme 9.,data/mineru_output/1901.10436/1901.10436/hybrid_auto/images/1901.10436_page0_fig63.jpg
l1_1901.10436_1901.10436_fig_64_732,1901.10436,1901.10436_fig_64,plot,comparison_explanation,no_visual_anchor,,How does the uniform height of both gender bars contrast with the diversity scores observed in craniofacial schemes?,Equal height bars for Female and Male categories,One is that the many of the dimensions of the craniofacial schemes have high scores in diversity relative to the other coding schemes.,data/mineru_output/1901.10436/1901.10436/hybrid_auto/images/1901.10436_page0_fig63.jpg
l1_1902.03519_1902.03519_fig_8_740,1902.03519,1902.03519_fig_8,plot,value_context,ungrounded_why,,Why does the runtime reach only 0.23 seconds at 5000 points for the Bank dataset's fairlet decomposition?,Maximum runtime value of approximately 0.23 seconds at 5000 sub-sampled points,"Each figure captures the running time of our fairlet decomposition algorithms with the specified balance parameter on different number of sample points from one of the four datasets: Diabetes, Bank, Census and Census II.",data/mineru_output/1902.03519/1902.03519/hybrid_auto/images/1902.03519_page0_fig7.jpg
l1_1903.08136_1903.08136_fig_14_764,1903.08136,1903.08136_fig_14,plot,comparison_explanation,ungrounded_why,,Why does the rightmost oval show a horizontal distribution pattern compared to the vertical patterns in the middle ovals?,horizontal green-to-cyan distribution in rightmost oval versus vertical distributions in middle ovals,one of the synthetic distributions with a particular slope is shown in the bottom left with its corresponding network,data/mineru_output/1903.08136/1903.08136/hybrid_auto/images/1903.08136_page0_fig13.jpg
l1_1903.10598_1903.10598_fig_4_771,1903.10598,1903.10598_fig_4,plot,visual_definition,ungrounded_why,,Why do triangular markers span discrimination values 0.010 to 0.015 when representing results from 5-fold cross-validation?,Triangular markers (CART) positioned between 0.010 and 0.015 on discrimination axis,Each dot represents a different sample from 5-fold cross-validation and each shaded area corresponds to the convex hull of the results associated with each approach in accuracy-discrimination space.,data/mineru_output/1903.10598/1903.10598/hybrid_auto/images/1903.10598_page0_fig3.jpg
l1_1903.10598_1903.10598_fig_9_777,1903.10598,1903.10598_fig_9,plot,comparison_explanation,no_visual_anchor,,Do the COMPAS dark bars reaching approximately 90% accuracy support claims about maximally non-discriminative model performance?,dark bars in COMPAS group reaching approximately 90% accuracy,The authors gratefully acknowledge support from Schmidt Futures and from the James H. Zumberge Faculty Research and Innovation Fund at the University of Southern California.,data/mineru_output/1903.10598/1903.10598/hybrid_auto/images/1903.10598_page0_fig8.jpg
l1_1903.10598_1903.10598_fig_9_778,1903.10598,1903.10598_fig_9,plot,anomaly_cause,no_visual_anchor|ungrounded_why,,Why do all Adult Dataset bars cluster near 75% accuracy despite representing different fairness approaches?,all bars in Adult Dataset group clustered between approximately 70-80% accuracy,They thank the 6 anonymous referees whose reviews helped substantially improve the quality of the paper.,data/mineru_output/1903.10598/1903.10598/hybrid_auto/images/1903.10598_page0_fig8.jpg
l1_1904.03310_1904.03310_fig_1_782,1904.03310,1904.03310_fig_1,plot,comparison_explanation,ungrounded_why,,Why do the first two bars at positions 0 and 1 reach 0.27 and 0.22 instead of one dominant component?,First bar at position 0 (0.27) and second bar at position 1 (0.22),"Figure 1 shows there are two principal components for gender in ELMo, in contrast to GloVe which only has one (Bolukbasi et al., 2016).",data/mineru_output/1904.03310/1904.03310/hybrid_auto/images/1904.03310_page0_fig0.jpg
l1_1904.03310_1904.03310_fig_1_784,1904.03310,1904.03310_fig_1,plot,value_context,no_visual_anchor,,What explains why bars 3 through 8 all remain below 0.05 when testing ELMo's gender embedding behavior?,Bars at positions 3-8 all below 0.05,"To test how ELMo embeds gender information in contextualized word embeddings, we train a classifier to predict the gender of entities from occupation words in the same sentence.",data/mineru_output/1904.03310/1904.03310/hybrid_auto/images/1904.03310_page0_fig0.jpg
l1_1905.03674_1905.03674_fig_2_788,1905.03674,1905.03674_fig_2,diagram,value_context,ungrounded_why,,Why does the distance r_y from i* to y appear in the diagram when the algorithm smoothly increases δ?,vertical line segment labeled r_y connecting i* to y,"Smoothly increase $\delta$ ... while $\exists x \in X$ s.t. $| B ( x , \delta ) \cap N | \geq 1$ do",data/mineru_output/1905.03674/1905.03674/hybrid_auto/images/1905.03674_page0_fig1.jpg
l1_1905.03674_1905.03674_fig_7_796,1905.03674,1905.03674_fig_7,plot,anomaly_cause,ungrounded_why,,Why do all three methods converge to similar objectives around 4-5 million at k=10 despite different proportionality guarantees?,"Convergence of blue circles, orange squares, and green triangles near 4-5 million at k=10",Thinking in this way leads to a different way of quantifying the tradeoff between proportionality and the $k$ -means objective,data/mineru_output/1905.03674/1905.03674/hybrid_auto/images/1905.03674_page0_fig6.jpg
l1_1905.10674_1905.10674_fig_3_805,1905.10674,1905.10674_fig_3,plot,value_context,ungrounded_why,,Why is the Baseline's sharp rise to ~0.81 AUC evaluated using only AUC score on Reddit data?,Blue Baseline line rising sharply to ~0.81 AUC,"Performance on the edge prediction (i.e., recommendation) task on the Reddit data. Evaluation is using the AUC score, since there is only one edge/relation type.",data/mineru_output/1905.10674/1905.10674/hybrid_auto/images/1905.10674_page0_fig2.jpg
l1_1906.02589_1906.02589_fig_34_841,1906.02589,1906.02589_fig_34,plot,comparison_explanation,no_visual_anchor,,Do the brighter colored lines representing larger alpha values from 0 to 200 consistently outperform darker lines?,"Brighter colored lines (larger α ∈ [0,50,100,150,200]) compared to darker lines across γ range","each line is a different value of $\alpha \in [ 0 , 5 0 , 1 0 0 , 1 5 0 , 2 0 0 ]$ , with brighter colours indicating larger values of $\alpha$",data/mineru_output/1906.02589/1906.02589/hybrid_auto/images/1906.02589_page0_fig33.jpg
l1_1906.02589_1906.02589_fig_34_842,1906.02589,1906.02589_fig_34,plot,anomaly_cause,no_visual_anchor,,How does training on DspritesUnfair while evaluating on Dsprites affect interpretation of the declining MIG after γ equals 60?,"All lines declining sharply after γ=60, dropping from ~0.4-0.7 to ~0.1-0.3","Models trained on DspritesUnfair, MIG calculated on Dsprites. Higher MIG is better.",data/mineru_output/1906.02589/1906.02589/hybrid_auto/images/1906.02589_page0_fig33.jpg
l1_1907.06430_1907.06430_fig_3_848,1907.06430,1907.06430_fig_3,diagram,value_context,no_visual_anchor,,"What role do the four nodes A, F, M, and Y play in computing the joint distribution for COMPAS dataset?","four circular nodes labeled A, F, M, and Y","The joint distribution of all nodes, $p ( X _ { 1 } , \ldots , X _ { I } )$ , is given by the product of all conditi",data/mineru_output/1907.06430/1907.06430/hybrid_auto/images/1907.06430_page0_fig2.jpg
l1_1907.06430_1907.06430_fig_13_863,1907.06430,1907.06430_fig_13,diagram,visual_definition,no_visual_anchor,,Does the directed path from X₁ through X₃ to X₄ illustrate what the definition describes as linked nodes?,directed arrows forming path X₁ → X₃ → X₄,A path from node $X _ { i }$ to node $X _ { j }$ is a sequence of linked nodes starting at $X _ { i }$ and ending at $X _ { j }$ . A directed path is,data/mineru_output/1907.06430/1907.06430/hybrid_auto/images/1907.06430_page0_fig12.jpg
l1_1907.06430_1907.06430_fig_13_864,1907.06430,1907.06430_fig_13,diagram,comparison_explanation,ungrounded_why,,Why does the structure with X₃ connecting to both X₂ and X₄ create a cyclic pattern?,node X₃ with arrows to both X₂ and X₄,"A graph is a collection of nodes and links connecting pairs of nodes. The links may be directed or undirected, giving rise to directed or undirected graphs respectively.",data/mineru_output/1907.06430/1907.06430/hybrid_auto/images/1907.06430_page0_fig12.jpg
l1_1907.06430_1907.06430_fig_13_865,1907.06430,1907.06430_fig_13,diagram,value_context,no_visual_anchor,,How do the directed links from X₁ to X₃ and X₃ to X₂ relate to acknowledgments of discussions?,directed arrows X₁ → X₃ → X₂,"The authors would like to thank Ray Jiang, Christina Heinze-Deml, Tom Stepleton, Tom Everitt, and Shira Mitchell for useful discussions.",data/mineru_output/1907.06430/1907.06430/hybrid_auto/images/1907.06430_page0_fig12.jpg
l1_1909.05088_1909.05088_fig_1_878,1909.05088,1909.05088_fig_1,plot,anomaly_cause,ungrounded_why,,Why does the 20-30 age group show 65% female representation despite representing a very small percentage of total sentences?,Blue bar at approximately 65% in the 20-30 age group,"with the exception of the youngest age group (20–30), which represents only a very small percentage of the total amount of sentences $( 0 .",data/mineru_output/1909.05088/1909.05088/hybrid_auto/images/1909.05088_page0_fig0.jpg
l1_1910.10872_1910.10872_fig_1_881,1910.10872,1910.10872_fig_1,example,anomaly_cause,ungrounded_why,,Why is Charlotte in example 1 tagged as CITY when CoreNLP should recognize it as a person name?,Example 1 with CITY label tag above 'Charlotte is a person',Figure 1: Examples of PERSON entities that are wrongfully tagged as non-PERSON or NULL entities by CoreNLP.,data/mineru_output/1910.10872/1910.10872/hybrid_auto/images/1910.10872_page0_fig0.jpg
l1_1910.10872_1910.10872_fig_35_891,1910.10872,1910.10872_fig_35,plot,anomaly_cause,no_visual_anchor|ungrounded_why,,Why do all nine template lines cluster between 0.01-0.03 before 1995 despite representing different models?,All nine lines (TMPL1-TMPL9) clustered between 0.01 and 0.03 from 1875 to 1995,"That being said, in Figure 4 we showed how all the models perform on all the tem-0plates, for Error Type-1 Weighted (the super-set error) case, 1875 1895 1915 1935 1955 1975 1995 2015which on its own is showing an interesting trend.",data/mineru_output/1910.10872/1910.10872/hybrid_auto/images/1910.10872_page0_fig34.jpg
l1_1910.10872_1910.10872_fig_35_892,1910.10872,1910.10872_fig_35,plot,comparison_explanation,no_visual_anchor,,Do the diverging performance lines after 1995 reflect dataset biases rather than real-world gender name distributions?,Diverging lines after 1995 with TMPL1 reaching 0.08 and others at 0.03-0.05,"Our results shown in Table 4 indicate that the datasets 0.06used do not reflect the real world, but rather exactly the op-0.020.04posite of that.",data/mineru_output/1910.10872/1910.10872/hybrid_auto/images/1910.10872_page0_fig34.jpg
l1_1910.10872_1910.10872_fig_41_895,1910.10872,1910.10872_fig_41,plot,value_context,no_visual_anchor,,How does the U-shaped pattern with minimum near 1955-1975 relate to CoreNLP's increased entity tagging attempts?,"both lines reaching minimum values around 0.02 near year 1955-1975, then rising to 0.12 by 2015","Similarly, for CoreNLP more entities tried to be tagged—which resulted in a slight improvement in Error Type-3, as shown in Figure 5.",data/mineru_output/1910.10872/1910.10872/hybrid_auto/images/1910.10872_page0_fig40.jpg
l1_2005.07293_2005.07293_fig_9_912,2005.07293,2005.07293_fig_9,plot,value_context,no_visual_anchor,,Do the averaged points on the Adult plot confirm consistent results across the ten random split experiments conducted?,Data points on Adult plot showing smooth declining trends from iteration 0 to 9,Each point on the plots is the average value of 10 experiments performed on the 10 random splits. Notice that the 10 random split sets are the same across different $\beta$ values.,data/mineru_output/2005.07293/2005.07293/hybrid_auto/images/2005.07293_page0_fig8.jpg
l1_2103.11320_2103.11320_fig_13_927,2103.11320,2103.11320_fig_13,plot,comparison_explanation,no_visual_anchor,,Do the narrower ConceptNet boxes compared to wider GenericsKB boxes support the claim about sentence count range differences?,narrower boxes for ConceptNet versus wider boxes for GenericsKB,We find similarly severe disparities in two KBs with the number of sentences ranging much more for GenericsKB compared to ConceptNet.,data/mineru_output/2103.11320/2103.11320/hybrid_auto/images/2103.11320_page0_fig12.jpg
l1_2103.11320_2103.11320_fig_20_932,2103.11320,2103.11320_fig_20,example,value_context,no_visual_anchor|ungrounded_why,,Why does the CapableOf relation linking priests to sexual fun exemplify allocative versus representational harms?,CapableOf relation between 'A priest' and 'guess that sex is fun' with weight 1.0,"Solon Barocas, Kate Crawford, Aaron Shapiro, and Hanna Wallach. 2017. The problem with bias: Allocative versus representational harms in machine learning.",data/mineru_output/2103.11320/2103.11320/hybrid_auto/images/2103.11320_page0_fig19.jpg
l1_2103.11320_2103.11320_fig_20_933,2103.11320,2103.11320_fig_20,example,comparison_explanation,no_visual_anchor,,How does the AtLocation relation placing child molesters in churches contrast with the generic knowledge approach?,AtLocation relation between 'child molesters' and 'church' with weight 1.0,"Sumithra Bhakthavatsalam, Chloe Anastasiades, and Peter Clark. 2020. Genericskb: A knowledge base of generic statements. arXiv preprint arXiv:2005.00660.",data/mineru_output/2103.11320/2103.11320/hybrid_auto/images/2103.11320_page0_fig19.jpg
l1_2103.11320_2103.11320_fig_20_934,2103.11320,2103.11320_fig_20,example,anomaly_cause,no_visual_anchor,,What causes these five ConceptNet examples to require the mitigation framework addressing language technology bias?,All five relations with weight 1.0 showing stereotypical associations,"Su Lin Blodgett, Solon Barocas, Hal Daumé III, and Hanna Wallach. 2020. Language (technolo",data/mineru_output/2103.11320/2103.11320/hybrid_auto/images/2103.11320_page0_fig19.jpg
l1_2103.11320_2103.11320_fig_23_935,2103.11320,2103.11320_fig_23,plot,value_context,ungrounded_why,,Why does girlfriend at 20% negative regard fall in negligible bias rather than prejudice or favoritism regions?,girlfriend data point at approximately 20% negative regard and 20% positive regard within purple shaded region,"Examples of targets and the regions they fall under within each category considering the regard measure. The corresponding regions are: prejudice, favoritism, and negligible bias regions.",data/mineru_output/2103.11320/2103.11320/hybrid_auto/images/2103.11320_page0_fig22.jpg
l1_2103.11320_2103.11320_fig_23_937,2103.11320,2103.11320_fig_23,plot,comparison_explanation,no_visual_anchor,,Does male's lowest positive regard at 2% compared to man's 7% reflect filtering effects on generated triples?,male at ~50% negative/2% positive versus man at ~50% negative/7% positive,Percentages represent how much regard and sentiment labels ran on COMeT and COMeT-Filtered triples agree with labels coming from humans.,data/mineru_output/2103.11320/2103.11320/hybrid_auto/images/2103.11320_page0_fig22.jpg
l1_2103.11320_2103.11320_fig_30_942,2103.11320,2103.11320_fig_30,plot,comparison_explanation,ungrounded_why,,"Why does the inset chart show bible at approximately 800 triples versus quran at roughly 50, given both are religious categories?",Inset bar chart with blue bible bar ~800 and small quran bar ~50,"In addition, we provide a visual for our mitigation framework in Figure 7 and detailed results of COMeT vs COMet_Filtered comparisons over different categories.",data/mineru_output/2103.11320/2103.11320/hybrid_auto/images/2103.11320_page0_fig29.jpg
l1_2103.11320_2103.11320_fig_36_944,2103.11320,2103.11320_fig_36,wordcloud,value_context,ungrounded_why,,Why do words like offensive and bitch appear prominently when the targets are british and female?,"offensive (large, top-left) and bitch (large, center)","Wordcloud of phrases that appear in triples with negative regard and sentiment labels for ""british"" and ""female"" targets.",data/mineru_output/2103.11320/2103.11320/hybrid_auto/images/2103.11320_page0_fig35.jpg
l1_2109.03952_2109.03952_fig_3_950,2109.03952,2109.03952_fig_3,plot,comparison_explanation,ungrounded_why,,Why does removing f_2 move the model from accuracy 0.87 to 0.53 as shown by ŷ_z^2?,"ŷ_z^2 blue diamond at (0.53, 1.0) compared to ŷ_o red circle at (0.87, 0.5)","In Scenario 1, as expected, $f _ { 2 }$ is correctly attributed to being responsible for the accuracy and removing it hurts the accuracy drastically.",data/mineru_output/2109.03952/2109.03952/hybrid_auto/images/2109.03952_page0_fig2.jpg
l1_2109.03952_2109.03952_fig_7_956,2109.03952,2109.03952_fig_7,example,comparison_explanation,ungrounded_why,,Why does the Post-Processing model highlight R.N. instead of gendered words like the Not Debiased Model does?,"Green highlight on 'R.N.' in Post-Processing box versus 'She', 'Rebekah Bushey', 'she' in Not Debiased Model box","While the Not Debiased Model mostly focuses on gendered words, our method focused on profession-based words, such as R.N. (Registered Nurse), to correctly predict ""nurse.""",data/mineru_output/2109.03952/2109.03952/hybrid_auto/images/2109.03952_page0_fig6.jpg
l1_2109.03952_2109.03952_fig_8_959,2109.03952,2109.03952_fig_8,plot,anomaly_cause,ungrounded_why,,Why does MIFR show the widest accuracy spread from 0.795 to 0.835 despite the job classification task using bio texts?,Green points (MIFR) spanning horizontally from accuracy 0.795 to 0.835,Green regions represent top three words that the model used for its prediction based on the attention weights.,data/mineru_output/2109.03952/2109.03952/hybrid_auto/images/2109.03952_page0_fig7.jpg
l1_2109.03952_2109.03952_fig_14_971,2109.03952,2109.03952_fig_14,plot,comparison_explanation,ungrounded_why,,"Why do capital loss and capital gain points cluster near 0.78 accuracy, given removal improves fairness definitions?","Blue points labeled 'capital loss' and 'capital gain' at approximately (0.78, 0.33) and (0.79, 0.31)",Top three features for each fairness definition removing which caused the most benefit in improving the corresponding fairness definition. The percentage of improvement upon removal is marked on the y-axis,data/mineru_output/2109.03952/2109.03952/hybrid_auto/images/2109.03952_page0_fig13.jpg
l1_2109.03952_2109.03952_fig_14_973,2109.03952,2109.03952_fig_14,plot,anomaly_cause,ungrounded_why,,Why does removing sex reduce SPD to approximately 0.17 while maintaining 0.85 accuracy compared to other features?,"Blue point labeled 'sex' at approximately (0.85, 0.17)",In our ŷ_z notation we replaced indexes with actual feature names for clarity in these results on real-world datasets as there is not one universal indexing schema,data/mineru_output/2109.03952/2109.03952/hybrid_auto/images/2109.03952_page0_fig13.jpg
